kkf,14ce0690bcd37cfa99453ad28008e4b1e006c8ca97836e4f6609076b465fa8fc
ㄹㄹ,0fc61591190925209ee237e0540dee16366a05cee4ffb624daabd4e97b03294e
gg,cbd3cfb9b9f51bbbfbf08759e243f5b3519cbf6ecc219ee95fe7c667e32c0a8d
r,454349e422f05297191ead13e21d3db520e5abef52055e4964b82fb213f593a1
gg,cbd3cfb9b9f51bbbfbf08759e243f5b3519cbf6ecc219ee95fe7c667e32c0a8d
a ef,be09701de4d930456b51bcf1b81aefd0510b36d3621847a8ddca9aad487291df
1,6b86b273ff34fce19d6b804eff5a3f5747ada4eaa22f1d49c01e52ddb7875b4b
1,6b86b273ff34fce19d6b804eff5a3f5747ada4eaa22f1d49c01e52ddb7875b4b
chapita,7a7356d071ed42e3a2298ce63ffee982f7a4e76964a26855cdf5a4585b6406e1
ㄷ ㅎ,e3b0c44298fc1c149afbf4c8996fb92427ae41e4649b934ca495991b7852b855
,e3b0c44298fc1c149afbf4c8996fb92427ae41e4649b934ca495991b7852b855
1,6b86b273ff34fce19d6b804eff5a3f5747ada4eaa22f1d49c01e52ddb7875b4b
1,6b86b273ff34fce19d6b804eff5a3f5747ada4eaa22f1d49c01e52ddb7875b4b
